<!-- <?xml version="1.0" encoding="UTF-8"?> <beans xmlns="http://www.springframework.org/schema/beans" 
	xmlns:xsi="http://www.w3.org/2001/XMLSchema-instance" xmlns:context="http://www.springframework.org/schema/context" 
	xsi:schemaLocation="http://www.springframework.org/schema/beans http://www.springframework.org/schema/beans/spring-beans.xsd 
	http://www.springframework.org/schema/context http://www.springframework.org/schema/context/spring-context-3.0.xsd 
	http://www.springframework.org/schema/mvc http://www.springframework.org/schema/mvc/spring-mvc.xsd"> -->
<beans xmlns="http://www.springframework.org/schema/beans"
	xmlns:mvc="http://www.springframework.org/schema/mvc" xmlns:xsi="http://www.w3.org/2001/XMLSchema-instance"
	xmlns:context="http://www.springframework.org/schema/context"
	xsi:schemaLocation="http://www.springframework.org/schema/beans http://www.springframework.org/schema/beans/spring-beans.xsd
		http://www.springframework.org/schema/context http://www.springframework.org/schema/context/spring-context-3.0.xsd
		http://www.springframework.org/schema/mvc	http://www.springframework.org/schema/mvc/spring-mvc-3.0.xsd">



	<context:component-scan base-package="com.nsp.controller">
	</context:component-scan>

	<mvc:resources mapping="/resources/**" location="/resources/" />
	<mvc:annotation-driven />


	<bean
		class="org.springframework.web.servlet.view.InternalResourceViewResolver">
		<property name="prefix" value="/WEB-INF/pages/" />
		<property name="suffix" value=".jsp" />
	</bean>


	<bean id="multipartResolver"
		class="org.springframework.web.multipart.commons.CommonsMultipartResolver">

		<!-- setting maximum upload size -->
		<property name="maxUploadSize" value="100000" />

	</bean>



	<bean id="ds"
		class="org.springframework.jdbc.datasource.DriverManagerDataSource">
		<property name="driverClassName" value="oracle.jdbc.OracleDriver" />
		<property name="url" value="jdbc:oracle:thin:@localhost:1521:xe" />
		<property name="username" value="system" />
		<property name="password" value="Newuser123" />
	</bean>

	<bean id="jdbcTemplate" class="org.springframework.jdbc.core.JdbcTemplate">
		<property name="dataSource" ref="ds"></property>
	</bean>

	<bean id="sdao" class="com.nsp.dao.StudentDao">
		<property name="jdbcTemplate" ref="jdbcTemplate">
		</property>
	</bean>

	<bean id="insdao" class="com.nsp.dao.InstituteDao">
		<property name="jdbcTemplate" ref="jdbcTemplate">
		</property>
	</bean>

	<bean id="mdao" class="com.nsp.dao.MinistryDao">
		<property name="jdbcTemplate" ref="jdbcTemplate">
		</property>
	</bean>
	
	<bean id="statedao" class="com.nsp.dao.StateDao">
		<property name="jdbcTemplate" ref="jdbcTemplate"></property>
	</bean>
	
	<bean id="Downloaddao" class="com.nsp.dao.DownloadDao">
		<property name="jdbcTemplate" ref="jdbcTemplate"></property>
	</bean>
	
	<bean id="Uploaddao" class="com.nsp.dao.UploadDao">
		<property name="jdbcTemplate" ref="jdbcTemplate"></property>
	</bean>
	
	

</beans>
