<?xml version="1.0" encoding="UTF-8"?>
<beans xmlns="http://www.springframework.org/schema/beans"
xmlns:mvc="http://www.springframework.org/schema/mvc"
	xmlns:xsi="http://www.w3.org/2001/XMLSchema-instance" xmlns:context="http://www.springframework.org/schema/context"
	xsi:schemaLocation="http://www.springframework.org/schema/beans http://www.springframework.org/schema/beans/spring-beans.xsd
		http://www.springframework.org/schema/context http://www.springframework.org/schema/context/spring-context-3.0.xsd 
		http://www.springframework.org/schema/mvc	http://www.springframework.org/schema/mvc/spring-mvc-3.0.xsd">
	
	
	
	<context:component-scan base-package="com.controller">
	</context:component-scan>
	<context:component-scan base-package="com.service">
	</context:component-scan>
	
	<mvc:resources mapping="/resources/**" location="/resources/" />
	<mvc:annotation-driven />

	<bean
		class="org.springframework.web.servlet.view.InternalResourceViewResolver">
		<property name="prefix" value="/WEB-INF/pages/" />
		<property name="suffix" value=".jsp" />
	</bean>
	
	<bean id="ds"
		class="org.springframework.jdbc.datasource.DriverManagerDataSource">
		<property name="driverClassName" value="oracle.jdbc.OracleDriver" />
		<property name="url" value="jdbc:oracle:thin:@Infva05808:1521:xe" />
		<property name="username" value="System" />
		<property name="password" value="Newuser123" />
	</bean>
	
	

	<bean id="jdbcTemplate" class="org.springframework.jdbc.core.JdbcTemplate">
		<property name="dataSource" ref="ds"></property>
	</bean>

	<bean id="rdao" class="com.dao.UserDao">
		<property name="jdbcTemplate" ref="jdbcTemplate">
		</property>
	</bean>
	
	<bean id="searchDao" class="com.dao.SearchDao">
		<property name="jdbcTemplate" ref="jdbcTemplate">
		</property>
	</bean>
	
	<bean id="AdminDao" class="com.dao.AddBusDetailsDao">
		<property name="jdbcTemplate" ref="jdbcTemplate">
		</property>
	</bean>
	
	<bean id="traxDao" class="com.dao.TraxDao">
	<property name="jdbcTemplate" ref="jdbcTemplate">
	</property>
	</bean>
	
</beans>
